c,r,mu,a,b,I,mu/b,y1,y2,y3,Z1_star,Z2_star,Z3_star,Z2_y1,Z3_y1,Z1_y2,Z3_y2,Z1_y3,Z2_y3
0.3,1,2.0,1,5,1,0.4,1.0002984746845633,2.3369108066236297,2.341268653194469,0.7001316168221727,0.1344733132733965,0.87109375,0.700204667718147,0.49993896484375,0.6331559966448378,0.87127685546875,0.6329382447690735,0.13529407507542512
0.3,1,1.0,1,5,1,0.2,1.0003095213193078,1.0003230754303625,1.0002116979439335,0.7001036831660729,2.9339629918233648e-05,0.9990234375,2.96414075283951e-05,0.99993896484375,0.6999038378033409,0.99993896484375,0.7000668504144529,3.0473323162995974e-05
0.3,1,1.5,1,5,1,0.3,1.0003239459198612,1.5356877011338639,1.4723094826324565,0.7001182610589681,0.09377414315686888,0.8818359375,0.3504451852613359,0.66650390625,0.606264708513606,0.86602783203125,0.6173497645227201,0.10935300688904093
0.3,1,2.5,1,5,1,0.5,4.999337261126751,3.106375100366825,3.279806075897367,0.9999501029979103,0.1847431596358683,0.8623046875,0.7508604020005767,0.57122802734375,0.8579744458999514,0.8441162109375,0.8709804846644615,0.2340572213025507
0.3,1,3.5,1,5,1,0.7,4.999333729239841,4.280072120914709,4.355261808040819,1.9997823194539972,0.23407984017184225,0.89453125,0.4499312963372579,0.81634521484375,1.766058883973661,0.8829345703125,1.7907245015379691,0.2566037648433359
0.3,1,4.0,1,5,1,0.8,4.999332620271504,4.5995245588492875,4.6267244763247115,2.5000399970102434,0.18021422143375954,0.9326171875,0.29978848301563477,0.89288330078125,2.3197753933861875,0.9278564453125,2.332052456550856,0.18824217274134758
0.3,1,3.0,1,5,1,0.6,4.999335423065824,3.7998635434411048,3.9652127815702336,1.4998662849879347,0.24002797816960486,0.861328125,0.6002977107810255,0.7142333984375,1.25994476037018,0.8399658203125,1.2930436061918018,0.2895602456583084
0.3,1,4.5,1,5,1,0.9,4.999330204080324,4.828330648213593,4.833869277169206,3.0000137968995366,0.09871205242623904,0.9677734375,0.15016433606975688,0.95233154296875,2.9013978876945132,0.967041015625,2.90449621325768,0.10037036354143292
0.3,1,5.0,1,5,1,1.0,5.0,4.999996371653228,4.999996371653228,3.499990062101067,6.4239462923742965e-06,0.9990234375,5.358605794973225e-06,0.99993896484375,3.4999900435679336,0.99993896484375,3.4999900435679336,6.4239462923742965e-06
