c,r,mu,a,b,I,mu/b,y1,y2,y3,Z1_star,Z2_star,Z3_star,Z2_y1,Z3_y1,Z1_y2,Z3_y2,Z1_y3,Z2_y3
0.7,1,1.0,1,5,1,0.2,1.0000000000000004,0.9995218240494533,0.9999007133580413,0.2999953022363193,0.0003410635612004463,0.9990234375,3.2337668265002212e-06,0.99993896484375,0.2998565026551724,0.99884033203125,0.3000016110230443,-2.7837722446923297e-05
0.7,1,2.5,1,5,1,0.5,1.0003224744411647,1.7201032820923876,1.4041597001715145,0.30001634537200744,0.23401125169158976,0.5615234375,0.4502130992037706,0.40008544921875,0.06595677184529813,0.21990966796875,0.16864719955374435,0.32897435709552775
0.7,1,2.0,1,5,1,0.4,1.0003012410590228,1.4001643009146758,1.249805447491229,0.29985407776444506,0.1800739803824413,0.6240234375,0.29991900875864386,0.5,0.12001971497667764,0.39971923828125,0.18758867668665202,0.2251286149813858
0.7,1,1.5,1,5,1,0.3,1.0,1.171653920053736,1.129235883503721,0.2999947040130173,0.09870317512285859,0.751953125,0.15029581483890192,0.66644287109375,0.20130974546823316,0.67095947265625,0.22579134770174136,0.11142940798987719
0.7,1,3.0,1,5,1,0.6,1.00031114036894,2.199989771669027,1.665422198091583,0.30002857580157705,0.23993614169082822,0.5556640625,0.6007237412326236,0.33331298828125,0.06000481163441618,0.199951171875,0.1669465359925555,0.40045284424528516
0.7,1,4.0,1,5,1,0.8,4.999332110332874,3.663116847909206,3.668018660296551,0.5003073093031611,0.1344742861853625,0.8388671875,0.6999429043542438,0.4169921875,0.4331238640818249,0.838134765625,0.43336716193687375,0.1353276194251054
0.7,1,3.5,1,5,1,0.7,1.0003192819815907,2.8936206629725367,2.344404545616913,0.3000397491797307,0.18473936262952217,0.6630859375,0.7510634864457972,0.28558349609375,0.15797120166621648,0.52655029296875,0.19916818983568552,0.34682310113190007
0.7,1,4.5,1,5,1,0.9,4.999330255531412,4.464251462215582,4.509738513998785,0.9998819286931262,0.09375593773360069,0.9140625,0.35076591420701686,0.74078369140625,0.9062589638718852,0.90618896484375,0.9141960731906487,0.10477113165492868
0.7,1,5.0,1,5,1,1.0,4.999360460911368,4.998997011348249,4.999001580618551,1.499833552946896,7.759735220502773e-05,0.9990234375,9.369081568977311e-05,0.9998779296875,1.4996115663229475,0.99993896484375,1.4996352716396828,7.763562441465144e-05
