c,r,mu,a,b,I,mu/b,y1,y2,y3,Z1_star,Z2_star,Z3_star,Z2_y1,Z3_y1,Z1_y2,Z3_y2,Z1_y3,Z2_y3
0.3,1,1.0,1,5,1,0.2,1.0003095213193078,1.012331552575675,1.0266836606163274,0.7001036831660729,-0.021963577174378024,0.998046875,-0.005081712386213688,0.99993896484375,0.696296167363988,0.99822998046875,0.6918766777489458,0.00016292239186199708
0.3,1,2.5,1,5,1,0.5,4.999337261126751,3.11902422753503,3.135270807219242,0.9999501029979103,0.1801435433626336,0.859375,0.7471054630963974,0.57421875,0.858922965365539,0.84552001953125,0.8601412499124613,0.19118732793773752
0.3,1,2.0,1,5,1,0.4,1.0002984746845633,2.3331817812098326,2.35904298197864,0.7001316168221727,0.1335504909195449,0.8701171875,0.6990770993189667,0.50042724609375,0.633342323994033,0.87109375,0.6320500539442256,0.13845826408731038
0.3,1,1.5,1,5,1,0.3,1.0003239459198612,1.539676097368622,1.5316812572213516,0.7001182610589681,0.09112212999060593,0.8935546875,0.34816899066705176,0.6673583984375,0.6055640381054408,0.869384765625,0.6069685142915034,0.09469504115940341
0.3,1,3.0,1,5,1,0.6,4.999335423065824,3.7866787798463237,3.927191388553624,1.4998662849879347,0.23488286427750016,0.8681640625,0.5997352348433589,0.71588134765625,1.257312345822677,0.839111328125,1.2854159934421474,0.2778637244080993
0.3,1,4.5,1,5,1,0.9,4.999330204080324,4.80576306037632,4.825161822956504,3.0000137968995366,0.08556751854778424,0.970703125,0.15015434044088005,0.953125,2.8883323326880888,0.96331787109375,2.899477164650801,0.09642935683192633
0.3,1,4.0,1,5,1,0.8,4.999332620271504,4.599288935456634,4.639320225002103,2.5000399970102434,0.17235961449065318,0.935546875,0.29819260835400146,0.89501953125,2.3196690565976796,0.9290771484375,2.3377244763275034,0.19093382851276086
0.3,1,3.5,1,5,1,0.7,4.999333729239841,4.294500900638522,4.362499672455802,1.9997823194539972,0.2265863250746175,0.8994140625,0.4441250986348648,0.8173828125,1.7708152405376418,0.88592529296875,1.7930745823387424,0.25585019580646284
0.3,1,5.0,1,5,1,1.0,5.0,4.934980448541668,4.991467187105161,3.499990062101067,0.013702576462765848,0.9990234375,-0.0017036429001144882,0.99993896484375,3.454095139729711,0.98944091796875,3.4940480850928104,-0.009707602590507847
