c,r,mu,a,b,I,mu/b,y1,y2,y3,Z1_star,Z2_star,Z3_star,Z2_y1,Z3_y1,Z1_y2,Z3_y2,Z1_y3,Z2_y3
0.5,1,1.0,1,5,1,0.2,1.0003207851290796,1.360679774997897,1.0557101466260512,0.49977096339012705,0.0942079523874173,0.9990234375,-0.013320184538871516,0.99993896484375,0.3196603502461932,0.644775390625,0.4721639416210972,-0.01043856541860233
0.5,1,2.5,1,5,1,0.5,1.0003218084789034,2.3289127855186855,2.0638270556425278,0.500080799500201,0.17498421746372061,0.78125,0.7487610947975059,0.40234375,0.3338764468999319,0.670654296875,0.3670288024993927,0.24504378998605714
0.5,1,2.0,1,5,1,0.4,1.000316823628086,1.6901092896751662,1.6046982608246931,0.500067598948211,0.16670453092812243,0.7724609375,0.5000002859426533,0.5010986328125,0.3274551613705226,0.65594482421875,0.3488615783951362,0.20259964254337204
0.5,1,1.5,1,5,1,0.3,1.0003162082304085,1.295569600652691,1.2535693074057639,0.5000533104278561,0.10370803627930636,0.8310546875,0.2452483155944618,0.668212890625,0.3891619227491268,0.7891845703125,0.4049111941054623,0.12322584426138794
0.5,1,3.0,1,5,1,0.6,4.652035914654198,2.999329425202305,3.018242000020392,0.5001752868815563,0.17024048719340223,0.8330078125,0.8231695116193802,0.44964599609375,0.4999938184010456,0.83203125,0.49999366951116353,0.17539098316035473
0.5,1,3.5,1,5,1,0.7,4.999480874996088,3.7013605819043005,3.8422169909406487,1.000153232496476,0.17522601649123604,0.861328125,0.7472612957246234,0.57421875,0.8376544710832927,0.83984375,0.8552479904722696,0.21520819730375407
0.5,1,4.5,1,5,1,0.9,5.0,4.672188491897692,4.686783399864879,2.0001091488447615,0.09251395230681037,0.9541015625,0.24941794247800864,0.891845703125,1.8771429578657584,0.9405517578125,1.882586545803039,0.11045401060780749
0.5,1,4.0,1,5,1,0.8,4.999485608206879,4.280651338557218,4.3652709302708415,1.4998688946336336,0.1581746887180906,0.8994140625,0.49985109941876504,0.75079345703125,1.3201623704842202,0.890625,1.3413215522385067,0.190658371072715
0.5,1,5.0,1,5,1,1.0,4.999479843104614,4.978843698643593,4.981718804392401,2.5000948783201604,-0.058820263732464184,0.9970703125,-0.029321735549007855,0.99993896484375,2.4896762508810077,0.99652099609375,2.4908575997757083,0.007629071124915399
