c,r,mu,a,b,I,mu/b,y1,y2,y3,Z1_star,Z2_star,Z3_star,Z2_y1,Z3_y1,Z1_y2,Z3_y2,Z1_y3,Z2_y3
0.7,1,1.0,1,5,1,0.2,1.0000000000000004,1.0184075328722746,1.0252863107712509,0.2999953022363193,-0.02351054588405077,0.9990234375,-0.002751257066017976,0.99993896484375,0.2870950058985178,0.982421875,0.2823000798892039,0.01648644229534555
0.7,1,1.5,1,5,1,0.3,1.0,1.222912360003365,1.1356685848695742,0.2999947040130173,0.08839864782282536,0.7705078125,0.1490094202686264,0.66778564453125,0.17186534812097407,0.59375,0.22194489481744295,0.10832339244289912
0.7,1,2.0,1,5,1,0.4,1.0003012410590228,1.389712763962513,1.2950733175178213,0.29985407776444506,0.17266428520888844,0.6376953125,0.29781382035254156,0.5010986328125,0.12468378108004677,0.4227294921875,0.16721516309311527,0.20612686315680698
0.7,1,2.5,1,5,1,0.5,1.0003224744411647,1.7128226178194792,1.441377612387298,0.30001634537200744,0.21931193176336095,0.5771484375,0.4466474792812183,0.40142822265625,0.06832817010004116,0.22845458984375,0.15660941710473505,0.31627883281998986
0.7,1,3.0,1,5,1,0.6,1.00031114036894,2.171675284869053,1.7373645178243686,0.30002857580157705,0.2255529155491366,0.5810546875,0.5976459892903762,0.33447265625,0.06567086380559473,0.21966552734375,0.15251109203130597,0.37349864111739317
0.7,1,3.5,1,5,1,0.7,1.0003192819815907,2.931735215405417,2.4073797562308448,0.3000397491797307,0.18092633398103053,0.685546875,0.7489781746499489,0.28717041015625,0.1551123920977806,0.51922607421875,0.19444284656051014,0.3242506556036001
0.7,1,4.0,1,5,1,0.8,4.999332110332874,3.6820768738340326,3.668870724081335,0.5003073093031611,0.1301886717069065,0.83984375,0.6957683769305016,0.4183349609375,0.4340652201782449,0.83685302734375,0.4334094581387209,0.13466467494762524
0.7,1,4.5,1,5,1,0.9,4.999330255531412,4.452455694219574,4.420999373063395,0.9998819286931262,0.08623080195043631,0.9208984375,0.3433393630919239,0.7423095703125,0.9041913111676134,0.90911865234375,0.898672665479455,0.08382269498916028
0.7,1,5.0,1,5,1,1.0,4.999360460911368,4.978779870709143,4.993618705007651,1.499833552946896,-0.0109726180798706,0.9990234375,-6.326546888996837e-05,0.99993896484375,1.493791844438448,0.9974365234375,1.4981213850950361,0.0009444858627070023
