alpha,y_opt,Z3_actual,Z1_actual,normalized_Z3,Z3_ratio,Z1_ratio
0.02,3.3232000174867213,0.82598876953125,1.2395384868104946,,1.0009615384615385,0.9775748548949229
